dept,leader
Teklist,Mickey Mouse
Tagpad,Donald Duck
Skajo,Goofey
Quinu,Mickey Mouse
Leexo,Donald Duck
BlogXS,Goofey
Skidoo,Mickey Mouse
Babblestorm,Donald Duck
Browseblab,Goofey
Edgeclub,Mickey Mouse
Avamba,Donald Duck
Dynazzy,Goofey
Zava,Mickey Mouse
Photojam,Donald Duck
Twinder,Goofey
Shufflester,Mickey Mouse
Livetube,Donald Duck
Eamia,Goofey
Meeveo,Mickey Mouse
Viva,Donald Duck
Yamia,Goofey
Cogidoo,Mickey Mouse
Minyx,Donald Duck
Leenti,Goofey
Myworks,Mickey Mouse
Yadel,Donald Duck
Dazzlesphere,Goofey
Linkbridge,Mickey Mouse
Zoomlounge,Donald Duck
Yodoo,Goofey
Flashset,Mickey Mouse
Nlounge,Donald Duck
Meedoo,Goofey
Tagtune,Mickey Mouse
Oyondu,Donald Duck
Brightbean,Goofey
Zazio,Mickey Mouse
Flashpoint,Donald Duck
Youspan,Goofey
Kazio,Mickey Mouse
Mycat,Donald Duck
Meedoo,Goofey
Dynava,Mickey Mouse
Dabjam,Donald Duck
Edgeclub,Goofey
Topiczoom,Mickey Mouse
Realcube,Donald Duck
Livepath,Goofey
Skajo,Mickey Mouse
Lazz,Donald Duck
Jabberstorm,Goofey
Gigazoom,Mickey Mouse
Twinder,Donald Duck
Blogpad,Goofey
Quire,Mickey Mouse
Youtags,Donald Duck
Topicblab,Goofey
Voonyx,Mickey Mouse
Skidoo,Donald Duck
Skalith,Goofey
Meedoo,Mickey Mouse
Vinder,Donald Duck
Jabbertype,Goofey
Buzzster,Mickey Mouse
Yabox,Donald Duck
Tavu,Goofey
Wikibox,Mickey Mouse
Flipopia,Donald Duck
Lazz,Goofey
Jaxworks,Mickey Mouse
Fliptune,Donald Duck
Riffwire,Goofey
Skaboo,Mickey Mouse
Reallinks,Donald Duck
LiveZ,Goofey
Fanoodle,Mickey Mouse
Voonyx,Donald Duck
Wordify,Goofey
Skimia,Mickey Mouse
Feedspan,Donald Duck
Twimm,Goofey
Feednation,Mickey Mouse
Pixope,Donald Duck
Shuffletag,Goofey
Quinu,Mickey Mouse
Twitterwire,Donald Duck
Shufflester,Goofey
Dazzlesphere,Mickey Mouse
Linkbuzz,Donald Duck
Gabtype,Goofey
Feednation,Mickey Mouse
Realfire,Donald Duck
Dabshots,Goofey
Bluezoom,Mickey Mouse
Lazz,Donald Duck
Skaboo,Goofey
Skaboo,Mickey Mouse
Blogspan,Donald Duck
Skimia,Goofey
Shuffletag,Mickey Mouse
